name,Channel_Name,Platform,Start_Year,Follower/Subscriber_count,Avg_Views_count,Core_Area,Subject,Key_points,Cross_Platform,Cross_Platform_Type,Uploaded by,Engagement_Rate
Ajay Singh,JEE with Ajay,YouTube,2013,217000,106000,JEE,4,JEE Mentor,Yes,"Telegram, Instagram",Nipuna,48.85
Prateek Kumar Behera,JEEcompass (IITB),YouTube,2024,18300,30000,JEE,0,JEE Mentor,Yes,"Telegram, Instagram",Nipuna,163.93
Eknoor Singh,EknoorSingh,YouTube,2020,168000,15800,JEE,2,JEE Mentor,Yes,"Telegram, Instagram",Nipuna,9.4
Shreyash Gupta,JEEsociety,YouTube,2024,73600,12000,JEE,0,JEE Mentor,Yes,"Telegram, Instagram,LinkedIn",Nipuna,16.3
Anup Sir,MathonGo,YouTube,2015,700000,10000,JEE,4,JEE Mentor,Yes,Instagram,Nipuna,1.43
Ashish Arora,Physics Galaxy,YouTube,2011,1000000,50000,JEE,2,JEE Mentor,Yes,"Instagram,LinkedIn",Nipuna,5.0
Mohit Tyagi,Mohit Tyagi,YouTube,2012,1700000,25400,JEE,4,JEE guidance,Yes,"Telegram, Instagram,LinkedIn",Nipuna,1.49
Nishant Jindal,Nishant Jindal (IIT Delhi),YouTube,2018,600000,8100,JEE,0,JEE guidance,Yes,Instagram,Nipuna,1.35
Vinit Kumar,Vinit Kumar [IIT Bombay],YouTube,2022,332000,25400,JEE,2,JEE guidance,Yes,Instagram,Nipuna,7.65
Prashant Singh,Prashant Singh [IIT Bombay],YouTube,2020,101000,20000,JEE,4,JEE guidance,Yes,Instagram,Nipuna,19.8
Dr Rakshita Singh,Dr Rakshita Singh,YouTube,2014,2180000,150000,NEET,4,MBBS mentor,Yes,"Telegram, Instagram",Nipuna,6.88
Garima Goel,Dr Garima Goel,YouTube,2013,100000,15000,NEET,3,MBBS mentor,Yes,"Telegram, Instagram",Nipuna,15.0
Dr Anand Mani,Dr Anand Mani,YouTube,2022,41400,65000,NEET,3,MBBS mentor,Yes,Instagram,Nipuna,157.0
Aman Tilak,DrAmanTilak,YouTube,2013,584000,65000,NEET,3,MBBS mentor,Yes,Instagram,Nipuna,11.13
Akanksha Karnwal,Akansha Karnwal Unacademy,YouTube,2020,112000,25000,NEET,2,MBBS mentor,Yes,Instagram,Nipuna,22.32
Dr Amit Gupta – Neet Mentor,Dr Amit Gupta,YouTube,2016,67300,10000,NEET,3,NEET strategy,Yes,Instagram,Nipuna,14.86
Aditya Joshi,Aditya Joshi,YouTube,2021,222000,8000,NEET,1,NEET strategy,Yes,"Telegram, Instagram",Nipuna,3.6
Ritu Ratewal,Biofairy Ritu Rattewal,YouTube,2011,777000,40000,NEET,3,NEET strategy,Yes,None,Unassigned,5.15
Rittik Baheti,Rittik Baheti(IITIAN),YouTube,2017,259000,28600,JEE,General,JEE strategy and mentorship,yes,"instagram, linkedin, whatsapp, telegram",rudveg,11.04
Ripudaman Singh,RDS Vlogs[IIT Guwahati],YouTube,2022,455000,14800,JEE,2,JEE mentor -speciality in org chem,yes,instagram ,rudveg,3.25
Group of mentors,Mentors Eduserv,YouTube,2011,53600,1188, JEE/NEET,0,"Both jee neet, classes ",yes,"instagram, linkedin, whatsapp, telegram",rudveg,2.22
Nova,Pathshala by Nova,YouTube,2018,653000,18620,JEE,0,"overall engineering, jee ai",yes,"instagram, twitter, whatsapp",rudveg,2.85
Divyanshu Agrawal,Divyanshu Agrawal,YouTube,2024,71300,4704,JEE,0,iitian and mentor,yes,"Instagram, telegram, linkedin",rudveg,6.6
Prasad,PRASAD PHYSICS JEE MENTOR,YouTube,2013,78300,2227,JEE,1,jee mentor physics,no,None,rudveg,2.84
Komali,Komali Mam,YouTube,2012,639000,18400,JEE/NEET,2,chemistry ,yes,"Instagram, whatsapp",rudveg,2.88
Anmol Sharma,Anmol Sharma Biology,YouTube,2018,233000,36000,NEET,3,Biology for neet free,yes,"Telegram, Instagram",rudveg,15.45
Group of mentors 2,Magnet Brains IIT-JEE & NEET,YouTube,2020,113000,11600,JEE/NEET,0,IIT JEE & NEET,yes,"Instagram, telegram",rudveg,10.27
Ashish Singh,ashish singh lectures,YouTube,2016,1800000,5920,Boards,0,Boards hindi medium,yes,"Instagram, Telegram",rudveg,0.33
Chaitanya Rastogi,DexterChem - Chemistry by Chaitanya Rastogi,YouTube,2021,64300,2260,JEE/NEET,2,"Chemistry 1 stop soln, dexterchem",yes,"linkedin, telegram",rudveg,3.51
Saleem ahmed ,JEE Wallah,Other,2021,3240000,0,JEE,0,best jee teacher on youtube,yes,"Instagram, whatsapp,linkedin",shubhankar,0.0
Pranav Pundarik,Pranav Pundarik - Unacademy,YouTube,2015,103000,15920,NEET,0,NEET one shot,yes,Telegram,Faraz,15.46
Walter Lewin,"Lectures by Walter Lewin. They will make you ♥ Physics.
",YouTube,2015,1820000,2620,JEE,1,NEET one shot,no,None,Faraz,0.14
Alakh pandey,Physics wallah,YouTube,2014,14200000,320000,Jee / Neet ,1,JEE topics,Yes,"	Instagram, Telegram, Facebook",Mahima,2.25
Nishant Vohra,Vora classes ,YouTube,2019,1100000,85000,JEE,1,Jee maths Trick ,Yes ,"Instagram , telegram",Mahima,7.73
Rohit Nagar,selfPadhai - Rohit Nagar,YouTube,2022,458000,51680,JEE,0,JEE one shot,yes,"Instagram, Telegrram",Faraz,11.28
Tharun,Quantum Project - Tharun,YouTube,2023,514000,543200,JEE,0,jee physics best teacher,no,None,Faraz,105.68
Ashish Arora,Physics Galaxy,YouTube,2011,1370000,35000,JEE/NEET,1,jee physics best teacher,yes,"Telegram, Facebook, Instagram",Faraz,2.55
Vinay Uppal,Vinay Uppal,YouTube,2021,52000,3932,JEE,1,Jee physics optics,no,None,Faraz,7.56
Henry Reich,minutephysics,YouTube,2011,5960000,315400,JEE,1,Jee physics relativity,yes,"Twitter, Facebook",Faraz,5.29
Vipin Kumar Sharma,STUDY WITH FUN,YouTube,2015,539000,58000,NEET,3,neet biology question practice,yes,Instagram,Faraz,10.76
Sachin Rana ,Sachin Rana ,YouTube,2020,580000,75000,Jee ,1,Organic chemistry ,Yes ,"Instagram , telegram",Mahima,12.93
Rajwant singh ,JEE wallah,YouTube,2022,3500000,230000,JEE,1,Physics ,Yes ,"Instagram , telegram ",Mahima ,6.57
Pankaj ,Pankaj sir chemistry ,YouTube,2017,2200000,140000,NEET/JEE,3,NEET chemistry ,Yes ,"Instagram, Telegram , facebook",Mahima ,6.36
Namo Kaul,Unacademy JEE,YouTube,2016,4100000,95000,Jee,3,Unacademy physics ,Yes ,Instagram telegram ,Mahima ,2.32
Sameer ,Unacademy Neet ,YouTube,2018,3200000,85000,NEET,1,NCERT biology,Yes ,"Instagram, telegram ",Mahima,2.66
Abhimanyu Kimawat ,NEET kaka JEE ,YouTube,2021,950000,78000,NEET/JEE,4,NEET kaka ,Yes,"Instagram , telegram",Mahima,8.21
Aman Dhattarwal,Aman Dhattarwal,YouTube,2014,4430000,240000,JEE,1,How to crack JEE ,Yes,"Instagram, Twitter/X, Facebook, LinkedIn",Mahima,5.42
Neela Bakore,neela Bakore Tutorials,YouTube,2014,598000,105401356,NEET,3,JEE and NEET mentors,NO,None,Aditi,17625.64
Anand Mani,DRAnandMani,YouTube,2021,6,109,NEET,General,JEE and NEET mentors,NO,None,Aditi,1816.67
Sudhir Sahasranaman,studywithsudhir,YouTube,2019,456000,66275420,NEET,4,JEE and NEET mentors,yes,"Whatsapp,Telegram,Instagram",Aditi,14534.08
Mohammad Kashif Alam,IITian explains by Unacademy,YouTube,2014,225000,16608422,JEE Mentorship,0,JEE Specialist,NO,None,Aditi,7381.52
SreyashBhaiyaI,JEEsociety,YouTube,2024,76400,0,JEE,0,jee guidance,yes ,whatsapp,shubhankar,0.0
Prashant Kirad,ExpHub - Prashant Kirad,YouTube,2022,118000,0,JEE,0,jee  guidance ,yes,"Telegram ,Instagram,linkedin",shubhankar,0.0
Vaibhav Deshmukh,Vaibhav Deshmukh NEET,YouTube,2017,248000,15380,NEET,3,neet biology question practice,yes,"Instagram, Telegram",Faraz,6.2
Vivash Kumar,Vivash Info Tips,YouTube,2023,3760,156,NEET,3,neet biology question practice,yes,"Telegram, Whatsapp, Instagram, Facebook",Faraz,4.15
Parth Goyal,Dr. Parth Goyal,YouTube,2018,1000000,17280,NEET,2,neet biology question practice,yes,"Telegram, Instagram",Faraz,1.73
Shujaat,Dr. Shujaat's NEET Academy,YouTube,2013,9890,616,NEET,3,neet daily practice,no ,None,Faraz,6.23
Manoj Chauhan,BestApproach,YouTube,2009,143000,0,JEE/JEE advance,4,jee guidance,yes,"telegram,instagram",shubhankar,0.0
Sudhanshu punjot,SUDHANSHU [MBBS],YouTube,2021,33800,6692,NEET,2,neet chemistry,yes,"Telegram, Instagram",Faraz,19.8
Om Prabhu,OM PRABHU AIIMS DELHI,YouTube,2022,139000,155400,NEET,2,neet chemsitry,yes,"Instagram, Telegram, Whatsapp",Faraz,111.8
Dhairav,Dhairav Academy - IIT & NEET,YouTube,2024,31600,4960,JEE/NEET,2,neet chemistry,yes,Telegram,Faraz,15.7
Chaitanya Rastogi ,DexterChem,YouTube,2021,210000,17000,JEE/NEET,1,Organic chemistry one step ,Yes ,"Instagram , linkdin , telegram",Mahima,8.1
Rahul Nandan,Chemshiksha ,YouTube,2022,26000,1900,JEE/NEET,1,Important question of IIT JEE/neet,Yes ,"Instagram , telegram ",Mahima,7.31
Dr. Rishabh Chaubey,Bio Guru ,YouTube,2021,19000,14000,NEET,1,"Bio guru, NCERT BIOLOGY FREE",yes,"Instagram , telegram ",Mahima,73.68
Nitish Singh,CampusX,YouTube,2021,65000,4800,JEE,1,Practical JEE problems solve ,Yes ,"Instagram , telegram",Mahima,7.38
Sandal Agarwal,Maths Unplugged,YouTube,2020,1050000,95000,JEE,1,Maths JEE,Yes ,"Instagram, telegram",Mahima,9.05
Saransh and Prateek Gupta,eSaral,YouTube,2016,2100000,58000,JEE,3,"eSaral , KOTA style JEE",Yes,"Instagram , telegram, facebook",Mahima,2.76
pratyaksh agarwal,Pratyaksh,YouTube,2018,147000,0,NEET,General,BIO GOD,YES,"Instagram,facebook",shubhankar,0.0
Praveen Kumar Singh,Bhai Ki Padhai,YouTube,2019,720000,85000,JEE,2,"JEE study notes , padhai tips ",Yes ,"Instagram , Telegram",Mahima,11.81
Dr.anuj pachhel,DrAnujPachhel,YouTube,2012,1720000,0,NEET,3,NEET Crack ,yes,Instagram,shubhankar,0.0
Muhammed Kashif &Waqqas Malik,Dear sir,YouTube,2016,19000000,480000,JEE,1,Easy Maths tricks ,Yes ,"Instagram, telegram, facebook",Mahima,2.53
deepak ,"DeepakAIIMSonian
",YouTube,2022,175000,0,NEET,0,NEET Crack ,yes,"Instagram , Telegram",shubhankar,0.0
Shivam Mishra ,Shivam Physics ,YouTube,2021,95000,7500,JEE,1,Free JEE physics ,Yes,"Instagram, telegram ,",Mahima,7.89
Aditya Sanjya Gupta ,Aditya Ranjan,YouTube,2021,720000,65000,JEE,1,"Aditya sir Maths , Maths tips ",Yes ,"Instagram , telegram",Mahima ,9.03
Sundeep Gupta ,M learning India,YouTube,2013,293000,19000,JEE/NEET,6,JEE mentor ,Yes ,mobilelearning.in,Mahima,6.48
Dico Shalini,MeDico Shalini,YouTube,2022,163000,0,NEET,1,NEET Crack ,YES,"INSTAGRAM,TELEGRAM",SHUBHANKAR,0.0
Rakesh Yadav ,Rakesh Yadav Readers Publication ,YouTube,2014,3500000,120000,JEE/NEET,2,"Maths , ssc maths, Competitive maths ",Yes ,"Instagram, telegram , facebook ",MAHIMA,3.43
Vivaan Gupta ,Vivaan Gupta,YouTube,2021,119000,25280,JEE,1,JEE,YES,"Instagram , telegram",Mahimaa,21.24
Vamsi Krishna / Vinay Shur,Vedantu JEE English,YouTube,2013,0,329859,JEE,2,Physics one shot ,Yes ,Instagram ,Mahima,0.0
Prashant Jain,PJ Sir Chemistry ,YouTube,2020,125000,11000,JEE,1,"Chemistry , organic chemistry advanced .",Yes ,"Instagram, telegram",Mahima,8.8
Shobhit Nirwan ,Shobhit Nirwan,YouTube,2019,3510000,290000,JEE,3,"JEE study tips , kota vs home",Yes,"Instagram, telegram , twitter/X ",Mahima,8.26
Prashant Kirad ,ExpHub-PrashantKirad,YouTube,2020,10200000,480000,JEE/NEET,3,"Exphub , Jee Neet crack free",Yes ,"Instagram , telegram, twitter/X",MAHIMA,4.71
Nitin Vijay,Motion - NV Sir,YouTube,2020,1000000,70000,JEE & NEET,1,JEE & NEET MENTOR,Yes,"FB, Linkedin, Twitter",Monish,7.0
Sameer Chincholikar, Beastchemist x Unacademy JEE,YouTube,2020,2270000,85000,JEE,4,JEE MENTOR,Yes,Telegram,Monish,3.74
Anshul Singhal,Acadza,YouTube,2020,37200,12000,JEE,4,JEE  MENTOR,Yes,"Linkedin, Insta, FB",Monish,32.26
Arvind Kalia,JEE Nexus by Unacademy,YouTube,2020,501000,35000,JEE,4,JEE MENTOR,Yes,Telegram,Monish,6.99
Kalpit Veerwal,Kalpit Veerwal,YouTube,2020,492000,25000,JEE,4,JEE and career mentor,Yes,Insta,Monish,5.08
Vishal Joshi,Nucleus - VJ Sir ,YouTube,2020,106000,15000,JEE,2,JEE MENTOR,Yes,"FB, LinkedIn, Insta",Monish,14.15
Akhilesh Kanther,Unacademy IIT JEE Chemistry ,YouTube,2020,15700,20000,JEE,2,JEE MENTOR,Yes,"Tele, Insta, FB",Monish,127.39
Surendra Kumar Mishra (SKM Sir),"SKM SIR 
",YouTube,2020,65500,8500,JEE,2,JEE MENTOR,No,None,Monish,12.98
Gavesh Bhardwaj,GB Sir,YouTube,2020,27000,18000,JEE,4,JEE MENTOR,No,None,Monish,66.67
Sankalp Jauhari,Sankalp Jauhari,YouTube,2020,433000,22000,JEE,1,JEE MENTOR,Yes,"Insta, Tele",Monish,5.08
Sakshi Vora,Vora Classes,YouTube,2020,466000,38000,JEE,2,JEE MENTOR,Yes,"Insta, Whatsapp",Monish,8.15
Paaras Thakur,Canvas Classes,YouTube,2020,136000,14000,JEE,2,JEE  MENTOR,Yes,Insta,Monish,10.29
Manish Raj - MR Sir,Competition Wallah,YouTube,2020,4720000,450000,JEE,1,JEE MENTOR,Yes,Insta,Monish,9.53
Samapti Sinha Mahapatra,PW NEET,YouTube,2020,740000,150000,NEET,3,NEET MENTOR,No,None,Monish,20.27
"Snehit Mishra
",Snehitmishra,YouTube,2021,170000,0,JEE/JEE advance,0,teaching for jee,yes,"instagram,telegram",shubhankar,0.0
Snehit Mishra,Clean Physics,YouTube,2021,48200,0,JEE main,1,teaching for jee,no,None,shubhankar,0.0
Tharun,Quantum Project - Tharun Speaks,YouTube,2023,514000,0,JEE,"1,4,2",teaching for jee,no,None,shubhankar,0.0
harshita singh,"HarshitaSingh.iitian
",YouTube,2020,131000,0,JEE,2,guidance for jee,yes,"telegram,instagram",Mahima,0.0
Seep Pahuja ,Seep Pahuja - Unacademy,YouTube,2011,525000,785280,NEET,1,Biology ,Yes ,"Instagram , telegram ",Mahima,149.58
Durgesh Thakur ,Durgesh Thakur Maths ,YouTube,2020,420000,38000,JEE,1,JEE advance Maths ,Yes ,"Instagram ,telegram",Mahima,9.05
Mahesh Shyadri,Sahyadri Tutorials ,YouTube,2017,229000,117000,JEE,3,JEE Tricks for organic chemistry,Yes,"Instagram , telegram",Mahima,51.09
Harshal Jain,Mathius ,YouTube,2025,51000,48000,JEE,3,JEE physics ,Yes ,"Telegram , facebook, instagram ",Mahima,94.12
Prasad,PrasadsirJeeMentor ,YouTube,2013,783000,77800,JEE,3,JEE mentor,No,No,Mahima,9.94
Atharva Agarwal ,AtharvaAggarwal,YouTube,2019,235000,46000,NEET,1,Biology Neet,Yes,Telegram instagram,Mahima,19.57
Prashant Tiwari ,Newindianera ,YouTube,2015,1080000,86900,JEE/NEET,4,JEE mentors ,Yes ,"Instagram , Twitter , facebook",Mahima,8.05
Anmol Sharma ,AnmolSharmaLive ,YouTube,2018,23300,28000,JEE/NEET,3,NEET mentor ,Yes ,"Instagram , telegram , trackprep",Mahima,120.17
Sneha,Shrishti classes,YouTube,2022,160000,2000,NEET,1,JEE mentors ,Yes,"Instagram telegram , linkdin , whatsapp",Mahima,1.25
Rittik Baheti ,Rittikbaheti,YouTube,2021,259000,142000,JEE,4,JEE Mentor,Yes ,"Instagram, linkdin , Whatsapp , personal mentorship group ",Mahima,54.83
Ripudaman Singh ,in_rdssingh,YouTube,2022,455000,769968,JEE,1,"IIT , physics ",Yes ,"Instagram , telegram",Mahima,169.22
Vinit Kumar,Itsmevinit,YouTube,2022,345000,28000,JEE,2,IIT guidance ,Yes ,"Instagram, linkdin, telegram",Mahima,8.12
NK Gupta,NK Gupta eSaral Maths,YouTube,2016,680000,52000,JEE,1,Maths,Yes ,"Instagram , whatsapp ",Mahima,7.65
Vishnu nagar,Etoos education,YouTube,2020,80000,12000,JEE/NEET,3,Hindi medium jee ,Yes ,"Instagram , facebook, telegram, twitter ",Mahima,15.0
Rekha Verma,Rekha Verma Biology NEET,YouTube,2018,520000,35000,NEET,3,Anatomy specialist,Yes,"Instagram, Telegram",OM,6.73
Sarvesh Srivastava,Sarvesh Srivastava JEE,YouTube,2016,790000,57000,JEE,0,JEE comprehensive guide,Yes,"Instagram, Telegram",OM,7.22
Ashwini Kumar,Ashwini Kumar Maths,YouTube,2017,660000,47000,JEE,4,Inverse trigonometry,Yes,"Instagram, Telegram",OM,7.12
Surabhi Singh,Surabhi Singh Chemistry,YouTube,2018,540000,36000,NEET,2,Hydrogen chemistry,Yes,"Instagram, Telegram",OM,6.67
Mohini Jain,Mohini Jain Biology,YouTube,2017,590000,40000,NEET,3,Vertebrate zoology,Yes,"Instagram, Telegram",OM,6.78
Rajesh Tiwari,Rajesh Tiwari Physics JEE,YouTube,2016,810000,59000,JEE,1,Motion in 2D,Yes,"Instagram, Telegram",OM,7.28
Ritesh Agarwal,Ritesh Agarwal Maths,YouTube,2017,700000,50000,JEE,4,Coordinate geometry 2,Yes,"Instagram, Telegram",OM,7.14
Shilpa Patel,Shilpa Patel Biology NEET,YouTube,2018,530000,35000,NEET,3,Circulation NEET,Yes,"Instagram, Telegram",OM,6.6
Kuldeep Singh,Kuldeep Singh Chemistry,YouTube,2016,680000,48000,JEE/NEET,2,Ionic equilibrium,Yes,"Instagram, Telegram",OM,7.06
Madhur Kumar,Madhur Kumar JEE Maths,YouTube,2017,750000,54000,JEE,4,Parabola conics,Yes,"Instagram, Telegram",OM,7.2
Radha Singh,Radha Singh Physics,YouTube,2018,610000,42000,JEE,1,Coulombs law applications,Yes,"Instagram, Telegram",OM,6.89
Devika Sharma,Devika Sharma Biology,YouTube,2017,560000,37000,NEET,3,Aquatic biology,Yes,"Instagram, Telegram",OM,6.61
Gaurav Jain,Gaurav Jain Chemistry IIT,YouTube,2016,730000,52000,JEE/NEET,2,Acid base equilibria,Yes,"Instagram, Telegram",OM,7.12
Rajiv Kumar,Rajiv Kumar Maths JEE,YouTube,2017,690000,49000,JEE,4,AP and GP problems,Yes,"Instagram, Telegram",OM,7.1
Anjana Mehta,Anjana Mehta Physics,YouTube,2018,580000,39000,JEE,1,Electrostatic force,Yes,"Instagram, Telegram",OM,6.72
Navin Soni,Navin Soni Biology NEET,YouTube,2017,550000,37000,NEET,3,Digestive system,Yes,"Instagram, Telegram",OM,6.73
Ranjit Kumar,Ranjit Kumar Chemistry,YouTube,2018,620000,43000,JEE/NEET,2,Nuclear chemistry,Yes,"Instagram, Telegram",OM,6.94
Nisha Agarwal,Nisha Agarwal Maths JEE,YouTube,2017,780000,57000,JEE,4,Probability distributions,Yes,"Instagram, Telegram",OM,7.31
Samar Singh,Samar Singh Chemistry,YouTube,2018,630000,44000,JEE/NEET,2,Analytical chemistry,Yes,"Instagram, Telegram",OM,6.98
Shubham Sharma,Shubham Sharma IIT,YouTube,2019,680000,48000,JEE,0,IIT mentorship,Yes,"Instagram, Telegram",OM,7.06
Vikas Gupta,Vikas Gupta Maths,YouTube,2015,1200000,88000,JEE,4,Black Book Maths,Yes,"Instagram, Telegram, Facebook",OM,7.33
Rajkumar Patidar,Rajkumar Patidar Physics,YouTube,2016,580000,38000,JEE,1,Modern Physics,Yes,"Instagram, Telegram",OM,6.55
Subhash Rathore,Subhash Rathore Chemistry,YouTube,2017,620000,42000,JEE/NEET,2,Inorganic chemistry specialist,Yes,"Instagram, Telegram",OM,6.77
Pooja Mam,Pooja Mam Biology,YouTube,2016,850000,62000,NEET,3,NEET Biology tips,Yes,"Instagram, Telegram",OM,7.29
Ankit Sir,Ankit Sir Physics JEE,YouTube,2017,720000,51000,JEE,1,JEE Physics problems,Yes,"Instagram, Telegram",OM,7.08
Deepak Sir,Deepak Sir Chemistry,YouTube,2016,690000,48000,JEE/NEET,2,Chemistry shortcuts,Yes,"Instagram, Telegram",OM,6.96
Saurabh Kumar,Saurabh Kumar Maths,YouTube,2018,540000,36000,JEE,4,JEE Maths solutions,Yes,"Instagram, Telegram",OM,6.67
Anubhav Singh,Anubhav Singh Physics,YouTube,2017,780000,57000,JEE,1,Physics conceptual clarity,Yes,"Instagram, Telegram",OM,7.31
Niharika Singh,Niharika Singh Biology,YouTube,2018,460000,30000,NEET,3,NEET Biology mnemonics,Yes,"Instagram, Telegram",OM,6.52
Arun Kumar,Arun Kumar Maths,YouTube,2015,920000,67000,JEE,4,JEE Advance Maths,Yes,"Instagram, Telegram, Facebook",OM,7.28
Praful Agarwal,Praful Agarwal Physics,YouTube,2016,840000,61000,JEE,1,Waves and Optics,Yes,"Instagram, Telegram",OM,7.26
Shruti Singh,Shruti Singh Chemistry,YouTube,2018,510000,34000,NEET,2,NEET Chemistry revision,Yes,"Instagram, Telegram",OM,6.67
Mohit Sir,Mohit Sir Maths JEE,YouTube,2017,780000,56000,JEE,4,Trigonometry master,Yes,"Instagram, Telegram",OM,7.18
Vikram Rathore,Vikram Rathore Physics,YouTube,2016,650000,44000,JEE,1,Thermodynamics expert,Yes,"Instagram, Telegram",OM,6.77
Priya Verma,Priya Verma Biology NEET,YouTube,2018,580000,39000,NEET,3,Genetics specialist,Yes,"Instagram, Telegram",OM,6.72
Amit Mahajan,Amit Mahajan Chemistry,YouTube,2015,870000,64000,JEE/NEET,2,Electrochemistry,Yes,"Instagram, Telegram",OM,7.36
Suresh Babu,Suresh Babu Maths,YouTube,2017,720000,51000,JEE,4,Number theory JEE,Yes,"Instagram, Telegram",OM,7.08
Rajan Vohra,Rajan Vohra Physics,YouTube,2016,690000,48000,JEE,1,Magnetism concepts,Yes,"Instagram, Telegram",OM,6.96
Anurag Mishra,Anurag Mishra Concepts,YouTube,2014,1100000,82000,JEE,1,Physics conceptual books,Yes,"Instagram, Telegram, Facebook",OM,7.45
Ravi Kumar,Ravi Kumar Biology,YouTube,2017,640000,43000,NEET,3,Human physiology,Yes,"Instagram, Telegram",OM,6.72
Naveen Kumar,Naveen Kumar JEE,YouTube,2018,590000,40000,JEE,0,IIT JEE preparation,Yes,"Instagram, Telegram",OM,6.78
Ashok Sharma,Ashok Sharma Maths,YouTube,2016,760000,54000,JEE,4,Matrices and determinants,Yes,"Instagram, Telegram",OM,7.11
Preety Bhatt,Preety Bhatt Chemistry,YouTube,2018,520000,35000,NEET,2,NEET Chemistry tips,Yes,"Instagram, Telegram",OM,6.73
Rajesh Verma,Rajesh Verma Physics,YouTube,2016,810000,59000,JEE,1,Circuit theory,Yes,"Instagram, Telegram",OM,7.28
Deepika Srivastava,Deepika Srivastava Biology,YouTube,2017,480000,31000,NEET,3,Ecology NEET,Yes,"Instagram, Telegram",OM,6.46
Santosh Kumar,Santosh Kumar JEE,YouTube,2015,930000,68000,JEE,0,JEE complete preparation,Yes,"Instagram, Telegram, Facebook",OM,7.31
Krishan Veer Singh,Krishan Veer Singh Maths,YouTube,2016,850000,62000,JEE,4,Integration master,Yes,"Instagram, Telegram",OM,7.29
Yogesh Kumar,Yogesh Kumar Physics,YouTube,2017,710000,50000,JEE,1,SHM and waves,Yes,"Instagram, Telegram",OM,7.04
Meera Soni,Meera Soni Biology,YouTube,2018,560000,37000,NEET,3,Plant physiology,Yes,"Instagram, Telegram",OM,6.61
Tarun Kumar ,IITienexplains ,YouTube,2021,2500000,180000,JEE/NEET,1,Chemistry JEE,Yes ,"Instagram , telegram ",Mahima,7.2
Aman Raj,Chemistry_Guru_Aman_Sir,YouTube,2015,312,120,JEE/NEET,1,Chemistry JEE ,YES ,"Telegram , whatsapp",Mahima,38.46
Bhannat ,Bhannatmaths ,YouTube,2021,335000,19000,JEE,1,Maths JEE,Yes,"Instagram, telegram ,facebook , twitter/X",Mahima,5.67
Rachit Jain ,ChemicalLocha,YouTube,2010,373,382,JEE,1,Chemistry tips ,No ,No ,Mahima,102.41
Ashish Gupta (sarvam institute),Practical deceloper ,YouTube,2020,172,370000,JEE/NEET,4,JEE one shot ,No,No,Mahima,215116.28
Sachin ,CreativeSachin,YouTube,2020,914000,47000,JEE,1,JEE,Yes ,"Instagram, facebook, telegram",Mahima,5.14
Vineet Loomba ,VedantuMaths,YouTube,2016,249000000,30000,JEE,1,Maths one shot jee,No ,No,Mahima,0.01
Yogesh sir ,neetwallahhindi,YouTube,2024,501000,410000,NEET,3,NEET hindi ,Yes ,"Instagram , telegram, facebook, twitter ",Mahima,81.84
Tarun ,TarunsirBiology,YouTube,2025,60,517,NEET Biology ,3,Biology,NO,None,Aditi,861.67
Sachin ,SachinSirPhysic,YouTube,2012,10500000,153914728,NEET,1,PHysics,YES,Instagram,Aditi,1465.85
Sankalp Jauhari,sankalpjauhari,YouTube,2022,433000,339152100,JEE Advance,0,JEE and NEET Mentor ,YES,"Instagram ,Telegram",Aditi,78326.12
Sivarajah Ramasamy,SivaRamasamy_TNEA,YouTube,1970,180000,22000,TNEA,4,"TNEA Cutoff Analysis, Class 12 Score Optimisation",yes,"Instagram, Telegram",om,12.22
Karthik Kumar TN,KarthikKumar_TNEA,YouTube,1970,95000,12000,TNEA,1,"State Board TN, TNEA Rank Predictor",yes,"Instagram, Telegram",om,12.63
Priya Rajan,PriyaRajan_Engineering,YouTube,1970,72000,9000,TNEA,0,"TNEA Counselling Guide, College Selection",yes,"Instagram, Telegram",om,12.5
Murugan Selvam,MuruganSelvam_TN,YouTube,1970,210000,28000,TNEA,4,Tamil Nadu State Board Maths,yes,"Instagram, Telegram",om,13.33
Arun Prakash TN,ArunPrakash_TNEA,YouTube,1970,55000,7500,TNEA,2,"TN Board Chemistry, TNEA Score",no,"Telegram, Whatsapp",om,13.64
Deepa Suresh,DeepaSuresh_NATA,YouTube,1970,40000,5000,NATA,11,"NATA Prep, B.Arch Admissions TN",yes,"Instagram, Telegram, Facebook, Twitter/X",om,12.5
Vijay Anand TN,VijayAnand_StateBoard,YouTube,1970,130000,17000,TNEA,3,"State Board Bio, TNEA PCB Stream",yes,No,om,13.08
Rajesh Mohan TN,RajeshMohan_TNEA,YouTube,1970,88000,11000,TNEA,1,Class 12 TN Physics,yes,No,om,12.5
Lakshmi Narayanan,LakshmiN_TNEA,YouTube,1970,62000,8200,TNEA,0,"TNEA Document Verification, Allotment",no,"Instagram, Facebook, Telegram",om,13.23
Senthil Kumar,SenthilKumar_TN,YouTube,1970,175000,24000,TNEA,4,"TN Board Exam Tips, TNEA Rank",yes,No,om,13.71
Nagendra Prasad K,NagendraKCET,YouTube,1970,320000,38000,KCET,4,"KCET Previous Papers, PU Board Tips",yes,"Instagram, Telegram, Facebook, Twitter",om,11.88
Suresh Babu KA,SureshBabu_KCET,YouTube,1970,245000,30000,KCET,1,KCET Physics Shortcuts,yes,Telegram,om,12.24
Anitha Rao,AnithaRao_KCET,YouTube,1970,190000,23000,KCET,2,KCET Chemistry Reactions,yes,None,om,12.11
Ravi Shankar KA,RaviShankar_KCET,YouTube,1970,410000,52000,KCET,0,"KCET Rank Predictor, Counselling",yes,Instagram,om,12.68
Deepak Hegde,DeepakHegde_KCET,YouTube,1970,145000,18000,KCET,4,2PU Karnataka Maths,yes,"Instagram, Telegram",om,12.41
Pooja Shetty,PoojaShetty_KCET,YouTube,1970,98000,12500,KCET,3,"KCET Biology, PCB Stream",yes,"Instagram, Telegram",om,12.76
Manjunath BK,ManjunathBK_PU,YouTube,1970,165000,21000,KCET,1,"Karnataka PU Board, KCET Strategy",yes,"Instagram, Telegram",om,12.73
Geetha Krishnamurthy,Geetha_KCET,YouTube,1970,112000,14000,KCET,2,Organic Chemistry KCET,no,"Instagram, Telegram",om,12.5
Prashanth MN,PrashanthMN_COMEDK,YouTube,1970,280000,35000,COMEDK,0,"COMEDK Cutoff, Private College Guide KA",yes,"Telegram, Whatsapp",om,12.5
Vinay Kumar KA,VinayKumar_COMEDK,YouTube,1970,130000,16000,COMEDK,1,COMEDK Physics Mock Tests,yes,"Instagram, Telegram, Facebook, Twitter/X",om,12.31
Arun Babu KL,ArunBabu_KEAM,YouTube,1970,215000,27000,KEAM,4,KEAM Mathematics PYQ,yes,No,om,12.56
Sreejith Nair,SreejithNair_KEAM,YouTube,1970,180000,22000,KEAM,1,KEAM Physics Shortcuts,yes,No,om,12.22
Meera Krishnan,MeeraKrishnan_KL,YouTube,1970,95000,12000,KEAM,2,Kerala KEAM Chemistry,yes,"Instagram, Facebook, Telegram",om,12.63
Jithin Jose,JithinJose_KEAM,YouTube,1970,88000,11000,KEAM,0,"KEAM Counselling, CEE Kerala",yes,No,om,12.5
Anju Mohan,AnjuMohan_KEAM,YouTube,1970,62000,8000,KEAM,4,"Kerala HSE Maths, KEAM Prep",no,"Instagram, Telegram, Facebook, Twitter",om,12.9
Vishnu Prasad KL,VishnuPrasad_KEAM,YouTube,1970,145000,18500,KEAM,3,"KEAM PCB, Pharmacy Admissions Kerala",yes,Telegram,om,12.76
Rajith Kumar,RajithKumar_Kerala,YouTube,1970,110000,14000,KEAM,1,Kerala +2 Board Prep,yes,None,om,12.73
Deepthi Sunil,DeepthiSunil_KL,YouTube,1970,75000,9500,KEAM,0,KEAM Rank Predictor,no,Instagram,om,12.67
Sanjith Mohan,SanjithMohan_KEAM,YouTube,1970,195000,25000,KEAM,4,KEAM Engineering Maths,yes,"Instagram, Telegram",om,12.82
Priyanka Pillai,PriyankaPillai_Kerala,YouTube,1970,58000,7200,KEAM,2,KEAM Chemistry PYQ,no,"Instagram, Telegram",om,12.41
Ramakrishna AP,RamakrishnaAP_EAPCET,YouTube,1970,290000,36000,AP EAPCET,4,"AP EAPCET Maths PYQ, Weightage Analysis",yes,"Instagram, Telegram",om,12.41
Subrahmanyam Rao,SubrahmanyamRao_AP,YouTube,1970,350000,44000,AP EAPCET,1,AP EAPCET Physics,yes,"Instagram, Telegram",om,12.57
Lakshmi Devi AP,LakshmiDevi_APEAPCET,YouTube,1970,180000,22000,AP EAPCET,2,AP EAPCET Organic Chemistry,yes,"Telegram, Whatsapp",om,12.22
Venkat Reddy,VenkatReddy_AP,YouTube,1970,220000,28000,AP EAPCET,0,"AP EAPCET Rank Predictor, Counselling",yes,"Instagram, Telegram, Facebook, Twitter/X",om,12.73
Sridhar AP,SridharAP_EAPCET,YouTube,1970,155000,19000,AP EAPCET,3,AP EAPCET Bio PCB Stream,yes,No,om,12.26
Anitha Raju,AnithaRaju_AP,YouTube,1970,72000,9000,AP EAPCET,7,AP EAPCET PCB Pharmacy,no,No,om,12.5
Narasimha Rao,NarasimhaRao_AP,YouTube,1970,420000,53000,AP EAPCET,4,Inter AP Maths Board + EAPCET,yes,"Instagram, Facebook, Telegram",om,12.62
Priya Kumari AP,PriyaKumari_APEAPCET,YouTube,1970,98000,12500,AP EAPCET,0,APEAPCET Mock Tests,yes,No,om,12.76
Kiran Babu AP,KiranBabu_AP,YouTube,1970,260000,33000,AP EAPCET,1,AP Inter + EAPCET Physics,yes,"Instagram, Telegram, Facebook, Twitter",om,12.69
Padmaja Reddy,PadmajaReddy_AP,YouTube,1970,88000,11000,AP EAPCET,3,AP PCB Allied Pharmacy,no,Telegram,om,12.5
Ravi Chandra TS,RaviChandra_TGEAPCET,YouTube,1970,310000,39000,TG EAPCET,4,TS EAPCET Maths Previous Papers,yes,None,om,12.58
Krishnaveni TS,Krishnaveni_TG,YouTube,1970,175000,22000,TG EAPCET,2,"TS Inter Chemistry, EAPCET Organic",yes,Instagram,om,12.57
Sudheer Reddy TG,SudheerReddy_TG,YouTube,1970,265000,33000,TG EAPCET,1,TG EAPCET Physics Mock,yes,"Instagram, Telegram",om,12.45
Manjula TS,ManjulaTS_EAPCET,YouTube,1970,112000,14000,TG EAPCET,3,TG EAPCET PCB Biology,yes,"Instagram, Telegram",om,12.5
Sai Ram TS,SaiRam_TGEAPCET,YouTube,1970,68000,8500,TG EAPCET,0,"TS EAPCET Counselling, Rank",no,"Instagram, Telegram",om,12.5
Anusha Sharma TS,AnushaSharmaTG,YouTube,1970,198000,25000,TG EAPCET,4,TS EAPCET Maths Shortcuts,yes,"Instagram, Telegram",om,12.63
Bhaskar Rao TG,BhaskarRao_TG,YouTube,1970,235000,29000,TG EAPCET,0,TS EAPCET Rank Estimator,yes,"Telegram, Whatsapp",om,12.34
Rekha Naidu,RekhaNaidu_TS,YouTube,1970,145000,18000,TG EAPCET,2,TG EAPCET Pharmacy PCB,yes,"Instagram, Telegram, Facebook, Twitter/X",om,12.41
Srikanth TS,Srikanth_TGEAPCET,YouTube,1970,98000,12500,TG EAPCET,1,TS Inter Physics Board,no,No,om,12.76
Padma TS,PadmaTS_Bio,YouTube,1970,55000,7000,TG EAPCET,3,EAPCET Biology Revision,no,No,om,12.73
Nisha Sharma Nursing,NishaSharma_AiimsNursing,YouTube,1970,185000,23000,AIIMS B.Sc Nursing,3,"AIIMS Nursing Entrance, GNM vs B.Sc",yes,"Instagram, Facebook, Telegram",om,12.43
Dr Renu Verma,DrRenuVerma_Nursing,YouTube,1970,145000,18000,AIIMS B.Sc Nursing,5,"AIIMS Nursing PYQ, Anatomy",yes,No,om,12.41
Sunita Rani Nursing,SunitaRani_AiimsNsg,YouTube,1970,98000,12500,AIIMS B.Sc Nursing,3,AIIMS Nursing Biology Revision,yes,"Instagram, Telegram, Facebook, Twitter",om,12.76
Pooja Gupta Nursing,PoojaGupta_Nursing,YouTube,1970,220000,28000,AIIMS B.Sc Nursing,0,AIIMS BSc Nursing Mock Tests,yes,Telegram,om,12.73
Anita Singh Nsg,AnitaSingh_AiimsNsg,YouTube,1970,72000,9000,AIIMS B.Sc Nursing,5,AIIMS Nursing GK Current Affairs,no,None,om,12.5
Meenakshi Devi,Meenakshi_AiimsNsg,YouTube,1970,110000,14000,AIIMS B.Sc Nursing,3,AIIMS Nursing Human Anatomy,yes,Instagram,om,12.73
Kavita Pandey Nsg,KavitaPandey_Nursing,YouTube,1970,165000,21000,AIIMS B.Sc Nursing,3,AIIMS Nursing Biochemistry Tips,yes,"Instagram, Telegram",om,12.73
Rekha Singh Nsg,RekhaSingh_AiimsNsg,YouTube,1970,88000,11000,AIIMS B.Sc Nursing,5,AIIMS BSc Nursing Counselling,no,"Instagram, Telegram",om,12.5
Priya Dubey Nsg,PriyaDubey_Nursing,YouTube,1970,55000,7000,AIIMS B.Sc Nursing,3,Nursing Entrance Biology Shortcuts,no,"Instagram, Telegram",om,12.73
Suman Lata Nursing,SumanLata_AiimsNsg,YouTube,1970,195000,24000,AIIMS B.Sc Nursing,0,AIIMS Nursing Score Booster,yes,"Instagram, Telegram",om,12.31
Dr Anand Kumar Nsg,DrAnandKumar_JIPMER,YouTube,1970,155000,19000,JIPMER Nursing,3,JIPMER Nursing Entrance Guide,yes,"Telegram, Whatsapp",om,12.26
Bhavana Murthy,BhavanaMurthy_JIPMER,YouTube,1970,92000,11500,JIPMER Nursing,3,JIPMER Nursing Biology PYQ,yes,"Instagram, Telegram, Facebook, Twitter/X",om,12.5
Saranya S,SaranyaS_JIPMERNsg,YouTube,1970,68000,8500,JIPMER Nursing,5,JIPMER BSc Nursing Syllabus,no,No,om,12.5
Latha R Nursing,Latha_JIPMERNsg,YouTube,1970,125000,16000,JIPMER Nursing,0,JIPMER Nursing Mock Tests,yes,No,om,12.8
Revathi Krishnan,RevathiKrishnan_JIPMER,YouTube,1970,48000,6000,JIPMER Nursing,3,JIPMER Nursing Anatomy,no,"Instagram, Facebook, Telegram",om,12.5
Vimala Thomas,VimalaThomas_Nursing,YouTube,1970,82000,10500,JIPMER Nursing,5,JIPMER Nursing Physiology Tips,yes,No,om,12.8
Geetha Pillai,GeethaPillai_JIPMER,YouTube,1970,115000,14500,JIPMER Nursing,3,JIPMER Nursing Strategy,yes,"Instagram, Telegram, Facebook, Twitter",om,12.61
Deepa Menon,DeepaMenon_JIPMER,YouTube,1970,75000,9500,JIPMER Nursing,0,JIPMER Rank vs Seat Guide,no,Telegram,om,12.67
Sumathi Raman,SumathiRaman_JIPMER,YouTube,1970,145000,18000,JIPMER Nursing,3,JIPMER Nursing Biochem,yes,None,om,12.41
Chitra Nair,ChitraNair_JIPMER,YouTube,1970,52000,6500,JIPMER Nursing,5,JIPMER Nursing Counselling,no,Instagram,om,12.5
Dr Suja Thomas,DrSujaThomas_CMC,YouTube,1970,175000,22000,CMC Vellore,5,CMC Vellore Nursing Entrance,yes,"Instagram, Telegram",om,12.57
Jacob Mathew CMC,JacobMathew_CMC,YouTube,1970,135000,17000,CMC Vellore,0,CMC Allied Health Admissions,yes,"Instagram, Telegram",om,12.59
Annie George,AnnieGeorge_CMCVellore,YouTube,1970,95000,12000,CMC Vellore,5,CMC Vellore Nursing Syllabus,yes,"Instagram, Telegram",om,12.63
Samuel Raj,SamuelRaj_CMC,YouTube,1970,72000,9000,CMC Vellore,3,CMC Entrance Biology Tips,no,"Instagram, Telegram",om,12.5
Jeeva Priya,JeevaP_CMCVellore,YouTube,1970,155000,19500,CMC Vellore,6,CMC Allied Health Courses,yes,"Telegram, Whatsapp",om,12.58
Grace Emmanuel,GraceEmmanuel_CMC,YouTube,1970,88000,11000,CMC Vellore,5,"CMC Nursing Interviews, GD Prep",yes,"Instagram, Telegram, Facebook, Twitter/X",om,12.5
Ruth Daniel CMC,RuthDaniel_CMC,YouTube,1970,48000,6000,CMC Vellore,6,"CMC OT Technician, Lab Tech",no,No,om,12.5
Elijah Kurien,ElijahKurien_CMC,YouTube,1970,115000,14500,CMC Vellore,5,CMC Vellore Score Cutoff,yes,No,om,12.61
Mary Sosa CMC,MarySosa_CMC,YouTube,1970,65000,8000,CMC Vellore,3,CMC Nursing Biology Revision,no,"Instagram, Facebook, Telegram",om,12.31
Philip John CMC,PhilipJohn_CMC,YouTube,1970,145000,18000,CMC Vellore,0,CMC Vellore Admission Process,yes,No,om,12.41
Sameer Kulkarni,SameerKulkarni_BVPCET,YouTube,1970,125000,16000,BVP CET,6,"BVP CET Allied Health, Pune",yes,"Instagram, Telegram, Facebook, Twitter",om,12.8
Sneha Desai BVP,SnehaDesai_BVPCET,YouTube,1970,88000,11000,BVP CET,3,BVP CET Biology Prep,yes,Telegram,om,12.5
Rohan Patil BVP,RohanPatil_BVP,YouTube,1970,65000,8000,BVP CET,0,"BVP CET Mock Tests, Syllabus",no,None,om,12.31
Prachi Joshi BVP,PrachiJoshi_BVP,YouTube,1970,145000,18000,BVP CET,5,BVP Nursing Entrance Guide,yes,Instagram,om,12.41
Nikhil More BVP,NikhilMore_BVP,YouTube,1970,48000,6000,BVP CET,6,BVP CET Physiotherapy Admissions,no,"Instagram, Telegram",om,12.5
Amrita Shinde,AmritaShinde_BVP,YouTube,1970,110000,14000,BVP CET,3,BVP CET Bio Revision,yes,"Instagram, Telegram",om,12.73
Tushar Pawar BVP,TusharPawar_BVP,YouTube,1970,78000,10000,BVP CET,0,BVP CET College List Maharashtra,yes,"Instagram, Telegram",om,12.82
Pooja Deshpande,PoojaD_BVP,YouTube,1970,58000,7200,BVP CET,6,BVP CET Radiology Tech,no,"Instagram, Telegram",om,12.41
Akash Nakade,AkashNakade_BVP,YouTube,1970,135000,17000,BVP CET,3,BVP CET Biology Full Course,yes,"Telegram, Whatsapp",om,12.59
Kavya Marathe,KavyaMarathe_BVP,YouTube,1970,45000,5500,BVP CET,5,BVP Nursing Syllabus Tips,no,"Instagram, Telegram, Facebook, Twitter/X",om,12.22
Arjun Mishra CUET,ArjunMishra_CUET,YouTube,1970,195000,24000,CUET-UG,6,CUET Allied Health Domain Prep,yes,No,om,12.31
Divya Sharma CUET,DivyaSharma_CUET,YouTube,1970,165000,21000,CUET-UG,8,CUET Biotech Domain Subject,yes,No,om,12.73
Ankit Tiwari CUET,AnkitTiwari_CUET,YouTube,1970,135000,17000,CUET-UG,6,CUET UG Healthcare Domain,yes,"Instagram, Facebook, Telegram",om,12.59
Sneha Rastogi,SnehaRastogi_CUET,YouTube,1970,112000,14000,CUET-UG,9,CUET Biology Life Science,yes,No,om,12.5
Vikram Jha CUET,VikramJha_CUET,YouTube,1970,88000,11000,CUET-UG,8,CUET Biotechnology Full Syllabus,no,"Instagram, Telegram, Facebook, Twitter",om,12.5
Priya Mehta CUET,PriyaMehta_CUET,YouTube,1970,145000,18000,CUET-UG,6,CUET Allied Health Crash Course,yes,Telegram,om,12.41
Rahul Singh CUET,RahulSingh_CUET,YouTube,1970,98000,12500,CUET-UG,9,CUET Biology Biomedical,yes,None,om,12.76
Isha Verma CUET,IshaVerma_CUET,YouTube,1970,125000,16000,CUET-UG,8,CUET Biotech Mock Tests,yes,Instagram,om,12.8
Deepak Pandey CUET,DeepakPandey_CUET,YouTube,1970,78000,9500,CUET-UG,6,"CUET Physiotherapy, OT Domain",no,"Instagram, Telegram",om,12.18
Mansi Agarwal CUET,MansiAgarwal_CUET,YouTube,1970,155000,19500,CUET-UG,9,CUET Bio Domain Shortcuts,yes,"Instagram, Telegram",om,12.58
Dr Sanjay Biotechnology,DrSanjay_Biotech,YouTube,1970,385000,48000,Biotechnology,8,"Molecular Biology, Genetic Engineering",yes,"Instagram, Telegram",om,12.47
Priya Biotech,PriyaBiotech_Channel,YouTube,1970,245000,31000,Biotechnology,9,"Cell Biology, Biochemistry",yes,"Instagram, Telegram",om,12.65
Akash Biomedical,Akash_Biomedical,YouTube,1970,195000,24000,Biomedical,10,"Biomedical Devices, GATE BT",yes,"Telegram, Whatsapp",om,12.31
Riya Life Sciences,Riya_LifeSciences,YouTube,1970,148000,18500,Life Sciences,9,"NET Life Sciences, GATE BT",yes,"Instagram, Telegram, Facebook, Twitter/X",om,12.5
Sourav Bioscience,Sourav_Bioscience,YouTube,1970,225000,28000,Biotechnology,8,"CSIR NET Life Science, Biotech UG",yes,No,om,12.44
Tanvi Biochem,Tanvi_Biochem,YouTube,1970,112000,14000,Biotechnology,13,"Biochemistry for CUET, GATE",yes,No,om,12.5
Neeraj Microbiology,Neeraj_Micro,YouTube,1970,175000,22000,Life Sciences,12,"Microbiology for CUET, NET",yes,"Instagram, Facebook, Telegram",om,12.57
Shreya Genetics,Shreya_Genetics,YouTube,1970,135000,17000,Biotechnology,14,Genetics for Biotech Entrance,yes,No,om,12.59
Ravi Biotech KA,RaviBiotech_KA,YouTube,1970,165000,21000,KCET (PCB),8,"KCET PCB Biotech, Life Sci",yes,"Instagram, Telegram, Facebook, Twitter",om,12.73
Manya Life Science,Manya_LifeSci,YouTube,1970,88000,11000,Life Sciences,9,"ICAR, JNU Life Science Entrance",yes,Telegram,om,12.5
Ranjith Pharmacy KA,Ranjith_PharmacyKCET,YouTube,1970,155000,19000,KCET (PCB),7,KCET Pharmacy Admissions KA,yes,None,om,12.26
Shwetha Gowda Pharma,ShwethaGowda_Pharma,YouTube,1970,112000,14000,KCET (PCB),7,"Karnataka Pharmacy Colleges, KCET",yes,Instagram,om,12.5
Harish Medi KA,Harish_MediKCET,YouTube,1970,195000,24000,KCET (PCB),15,KCET Health Science Stream,yes,"Instagram, Telegram",om,12.31
Kavitha Nursing KA,Kavitha_NursingKCET,YouTube,1970,88000,11000,KCET (PCB),5,KCET Nursing Admission KA,yes,"Instagram, Telegram",om,12.5
Preethi Pharma KA,Preethi_PharmKCET,YouTube,1970,65000,8000,KCET (PCB),7,"KCET D.Pharm, B.Pharm Seats",no,"Instagram, Telegram",om,12.31
Vivek Rao KCET,VivekRao_KCETPCB,YouTube,1970,145000,18000,KCET (PCB),3,KCET PCB Biology Full Revision,yes,"Instagram, Telegram",om,12.41
Divya Reddy KA,DivyaReddy_KCETPCB,YouTube,1970,98000,12500,KCET (PCB),2,KCET PCB Chemistry Organic,yes,"Telegram, Whatsapp",om,12.76
Rohit Kumar KA,RohitKumar_KCETPCB,YouTube,1970,72000,9000,KCET (PCB),0,KCET PCB Mock Tests,no,"Instagram, Telegram, Facebook, Twitter/X",om,12.5
Ananya Shetty,AnanyaShetty_KCET,YouTube,1970,175000,22000,KCET (PCB),3,KCET Nursing+Pharmacy Guide,yes,No,om,12.57
Tejas Nayak,TejasNayak_KCET,YouTube,1970,55000,7000,KCET (PCB),7,KCET Pharmacy Rank Predictor,no,No,om,12.73
Akhil Menon Pharma,AkhilMenon_KEAMPCB,YouTube,1970,135000,17000,KEAM (PCB),7,KEAM PCB Pharmacy Admissions KL,yes,"Instagram, Facebook, Telegram",om,12.59
Sindhu Rajan Pharma,SindhuRajan_KEAM,YouTube,1970,98000,12500,KEAM (PCB),6,KEAM Allied Health Courses KL,yes,No,om,12.76
Jibin Jose KEAM,JibinJose_KEAMPCB,YouTube,1970,72000,9000,KEAM (PCB),7,Kerala Pharmacy Entrance,no,"Instagram, Telegram, Facebook, Twitter",om,12.5
Aswini Krishnan,AswiniKrishnan_KEAM,YouTube,1970,158000,20000,KEAM (PCB),3,KEAM PCB Biology Revision,yes,Telegram,mayur,12.66
Reshma Nair Pharma,ReshmaNair_KEAM,YouTube,1970,55000,7000,KEAM (PCB),7,KEAM D.Pharm Guide Kerala,no,None,mayur,12.73
Bibin Mathew,BibinMathew_KEAM,YouTube,1970,118000,15000,KEAM (PCB),2,KEAM PCB Chemistry,yes,Instagram,mayur,12.71
Nimisha George,NimishaGeorge_KEAM,YouTube,1970,88000,11000,KEAM (PCB),6,KEAM Allied Health Kerala,yes,"Instagram, Telegram",mayur,12.5
Roshan Paul KL,RoshanPaul_KEAM,YouTube,1970,65000,8000,KEAM (PCB),3,KEAM PCB Bio Shortcuts,no,"Instagram, Telegram",mayur,12.31
Parvathy S,ParvathyS_KEAM,YouTube,1970,145000,18000,KEAM (PCB),7,KEAM Pharmacy Rank Guide,yes,"Instagram, Telegram",mayur,12.41
Sanoj Thomas,SanojThomas_KEAM,YouTube,1970,48000,6000,KEAM (PCB),0,KEAM PCB Counselling,no,"Instagram, Telegram",mayur,12.5
Sowmya Reddy AP,SowmyaReddy_APEAPCETPCB,YouTube,1970,148000,18500,AP EAPCET (PCB),7,AP EAPCET PCB Pharmacy Guide,yes,"Telegram, Whatsapp",mayur,12.5
Kamala Rani AP,KamalaRani_APPharma,YouTube,1970,112000,14000,AP EAPCET (PCB),6,AP Allied Health Courses Admissions,yes,"Instagram, Telegram, Facebook, Twitter/X",mayur,12.5
Srinivas AP Pharma,Srinivas_APPharmacy,YouTube,1970,195000,24000,AP EAPCET (PCB),7,"AP Pharmacy Colleges, EAPCET Rank",yes,No,mayur,12.31
Vijayalakshmi AP,Vijayalakshmi_APPharma,YouTube,1970,88000,11000,AP EAPCET (PCB),3,AP EAPCET PCB Biology Full,yes,No,mayur,12.5
Madhu Babu AP,MadhuBabu_APPharma,YouTube,1970,65000,8000,AP EAPCET (PCB),7,AP D.Pharm B.Pharm Seats,no,"Instagram, Facebook, Telegram",mayur,12.31
Saritha Devi AP,SarithaDevi_AP,YouTube,1970,125000,16000,AP EAPCET (PCB),6,AP EAPCET Nursing Allied,yes,No,mayur,12.8
Prasad Rao AP,PrasadRao_APBio,YouTube,1970,165000,21000,AP EAPCET (PCB),3,AP Inter PCB + EAPCET,yes,"Instagram, Telegram, Facebook, Twitter",mayur,12.73
Bhavani AP,Bhavani_APEAPCETPCB,YouTube,1970,98000,12500,AP EAPCET (PCB),0,AP EAPCET PCB Counselling,no,Telegram,mayur,12.76
Naveen Babu AP,NaveenBabu_APPharma,YouTube,1970,75000,9500,AP EAPCET (PCB),7,AP EAPCET Pharmacy Cutoffs,no,None,mayur,12.67
Lalitha AP,Lalitha_APAllied,YouTube,1970,155000,19500,AP EAPCET (PCB),6,AP EAPCET Allied Health Guide,yes,Instagram,mayur,12.58
Swapna TS Pharma,SwapnaTS_TGPharma,YouTube,1970,138000,17000,TG EAPCET (PCB),7,TG EAPCET PCB Pharmacy Guide,yes,"Instagram, Telegram",mayur,12.32
Venu Gopal TS,VenuGopal_TGPharma,YouTube,1970,105000,13000,TG EAPCET (PCB),6,TS Allied Pharmacy Courses,yes,"Instagram, Telegram",mayur,12.38
Ramya TS Pharma,Ramya_TGPharmacy,YouTube,1970,175000,22000,TG EAPCET (PCB),7,TG EAPCET Pharmacy Rank,yes,"Instagram, Telegram",mayur,12.57
Keerthi Reddy TG,Keerthi_TGPharma,YouTube,1970,88000,11000,TG EAPCET (PCB),3,TG EAPCET PCB Biology Tips,yes,"Instagram, Telegram",mayur,12.5
Praveen Kumar TG,Praveen_TGAllied,YouTube,1970,62000,7800,TG EAPCET (PCB),6,TS Pharmacy Allied Admissions,no,"Telegram, Whatsapp",mayur,12.58
Sunitha TS,Sunitha_TGPharma,YouTube,1970,118000,15000,TG EAPCET (PCB),2,TG EAPCET Pharmacy Chemistry,yes,"Instagram, Telegram, Facebook, Twitter/X",mayur,12.71
Ramu TS Pharmacy,Ramu_TSPharmacy,YouTube,1970,165000,21000,TG EAPCET (PCB),0,TS Pharmacy Colleges Rank List,yes,No,mayur,12.73
Anitha Reddy TG,AnithaReddy_TGPharma,YouTube,1970,95000,12000,TG EAPCET (PCB),6,TG EAPCET Allied Health Guide,yes,No,mayur,12.63
Balaji TS,Balaji_TGPharma,YouTube,1970,72000,9000,TG EAPCET (PCB),7,TS D.Pharm B.Pharm Seats,no,"Instagram, Facebook, Telegram",mayur,12.5
Priyanka TS,Priyanka_TGAllied,YouTube,1970,148000,18500,TG EAPCET (PCB),3,TG EAPCET PCB Counselling,yes,No,mayur,12.5
Nirmala Devi Nursing,NirmalaDevi_NsgState,YouTube,1970,165000,21000,State B.Sc Nursing,5,State Nursing Entrance Exams India,yes,"Instagram, Telegram, Facebook, Twitter",mayur,12.73
Shalini Sharma Nsg,ShaliniSharma_Nsg,YouTube,1970,125000,16000,State B.Sc Nursing,3,"UP CPNET, HP Nursing Entrance",yes,Telegram,mayur,12.8
Jaya Priya Nursing,JayaPriya_Nursing,YouTube,1970,195000,24000,State B.Sc Nursing,5,"Maharashtra, TN State Nursing",yes,None,mayur,12.31
Padma Nurse,Padma_NursingState,YouTube,1970,95000,12000,State B.Sc Nursing,3,GNM vs B.Sc Nursing Guide,yes,Instagram,mayur,12.63
Kavitha Nsg TN,Kavitha_NsgTN,YouTube,1970,68000,8500,State B.Sc Nursing,5,Tamil Nadu Nursing Entrance,no,"Instagram, Telegram",mayur,12.5
Lathika R Nursing,Lathika_Nursing,YouTube,1970,148000,18500,State B.Sc Nursing,0,State Nursing Counselling Guide,yes,"Instagram, Telegram",mayur,12.5
Bhavani Nsg,Bhavani_NursingState,YouTube,1970,175000,22000,State B.Sc Nursing,5,"KA, AP, TN Nursing Entrance",yes,"Instagram, Telegram",mayur,12.57
Rekha Nurse KL,Rekha_NsgKerala,YouTube,1970,112000,14000,State B.Sc Nursing,5,Kerala Nursing Entrance CEE,yes,"Instagram, Telegram",mayur,12.5
Sumathi Nsg TN,Sumathi_NsgTN,YouTube,1970,78000,9800,State B.Sc Nursing,3,TN Nursing Entrance Prep,no,"Telegram, Whatsapp",mayur,12.56
Mala Singh Nsg,MalaSingh_Nsg,YouTube,1970,158000,20000,State B.Sc Nursing,0,North India State Nursing Entrance,yes,"Instagram, Telegram, Facebook, Twitter/X",mayur,12.66
EduHub South,EduHubSouth,YouTube,1970,580000,72000,Multi-State Exam,0,"KCET, TNEA, AP, TG Combined Prep",yes,No,mayur,12.41
State Entrance Academy,StateEntranceAcademy,YouTube,1970,720000,90000,Multi-State Exam,0,All South State Exams Coverage,yes,No,mayur,12.5
Med Allied Hub,MedAlliedHub,YouTube,1970,410000,52000,Allied Health/Nursing,0,"AIIMS, JIPMER, CMC, BVP Nursing",yes,"Instagram, Facebook, Telegram",mayur,12.68
Nursing Entrance India,NursingEntranceIndia,YouTube,1970,325000,41000,State B.Sc Nursing,5,Pan-India Nursing Entrance Guide,yes,No,mayur,12.62
Pharma Career Guide,PharmaCareerGuide,YouTube,1970,295000,37000,Pharmacy,7,"GPAT, State Pharmacy Entrances",yes,"Instagram, Telegram, Facebook, Twitter",mayur,12.54
Allied Health Mentor,AlliedHealthMentor,YouTube,1970,268000,33000,Allied Health,6,"CUET Allied, BVP CET, CMC Allied",yes,Telegram,mayur,12.31
Biotech Dreams India,BiotechDreamsIndia,YouTube,1970,395000,49000,Biotechnology,8,"CUET Biotech, KCET PCB Biotech",yes,None,mayur,12.41
South Engineering Hub,SouthEngineeringHub,YouTube,1970,445000,56000,Multi-State Exam,4,"KCET, COMEDK, KEAM, AP, TG, TNEA",yes,Instagram,mayur,12.58
Kerala Med Guide,KeralamedGuide,YouTube,1970,215000,27000,KEAM (PCB),0,"KEAM PCB Pharmacy, Nursing Kerala",yes,"Instagram, Telegram",mayur,12.56
AP TG Exam Hub,APTGExamHub,YouTube,1970,380000,48000,AP EAPCET / TG EAPCET,0,AP & TG EAPCET Combined Prep,yes,"Instagram, Telegram",mayur,12.63
Karnataka Entrance Pro,KarnatakaEntrancePro,YouTube,1970,465000,58000,KCET / COMEDK,0,KCET+COMEDK Complete Strategy,yes,"Instagram, Telegram",mayur,12.47
TN Board Expert,TNBoardExpert,YouTube,1970,340000,43000,TNEA,0,TN State Board + TNEA Counselling,yes,"Instagram, Telegram",mayur,12.65
NATA Prep India,NATAPrepIndia,YouTube,1970,148000,18500,NATA,11,"NATA Drawing, Aesthetic Sensitivity",yes,"Telegram, Whatsapp",mayur,12.5
COMEDK Secrets,COMEDKSecrets,YouTube,1970,198000,25000,COMEDK,0,"COMEDK Strategy, Private Eng KA",yes,"Instagram, Telegram, Facebook, Twitter/X",mayur,12.63
B.Sc Nursing Nation,BScNursingNation,YouTube,1970,510000,64000,State B.Sc Nursing,5,Pan India Nursing Entrance Complete,yes,No,mayur,12.55
Life Science Masters,LifeScienceMasters,YouTube,1970,365000,46000,Life Sciences,9,"NET, GATE BT, CUET Life Science",yes,No,mayur,12.6
Biomedical Pathways,BiomedicalPathways,YouTube,1970,228000,28500,Biomedical,10,"Biomedical Entrance, CUET BioMed",yes,"Instagram, Facebook, Telegram",mayur,12.5
Pharma Prep South,PharmaPrepSouth,YouTube,1970,285000,35500,Pharmacy,7,"KCET, KEAM, AP, TG Pharmacy PCB",yes,No,mayur,12.46
Health Science Hub,HealthScienceHub,YouTube,1970,425000,53000,Allied Health,6,"CMC, BVP, CUET Allied All States",yes,"Instagram, Telegram, Facebook, Twitter",mayur,12.47
JIPMER Guide,JIPMERGuide,YouTube,1970,275000,34000,JIPMER Nursing,5,JIPMER B.Sc Nursing Full Prep,yes,Telegram,mayur,12.36
CMC Vellore Pathways,CMCVelorePaths,YouTube,1970,225000,28000,CMC Vellore,6,CMC Vellore All Courses Guide,yes,None,mayur,12.44
CUET Biotech Academy,CUETBiotechAcademy,YouTube,1970,175000,22000,CUET-UG,8,CUET UG Biotech Domain Complete,yes,Instagram,mayur,12.57
State Med Entrance IN,StateMedEntranceIN,YouTube,1970,495000,62000,Multi-State Medical,0,All State Medical Allied Entrances,yes,"Instagram, Telegram",mayur,12.53
Tamil Nadu Medical Hub,TNMedHub,YouTube,1970,310000,39000,TNEA / Nursing TN,0,TNEA + TN Nursing Entrance,yes,"Instagram, Telegram",mayur,12.58
Telangana Career Guide,TelanganaCareerGuide,YouTube,1970,355000,44500,TG EAPCET / TG EAPCET (PCB),0,TS Eng + Pharmacy + Allied Guide,yes,"Instagram, Telegram",mayur,12.54
Andhra Career Hub,AndhraCareeerHub,YouTube,1970,418000,52500,AP EAPCET / AP EAPCET (PCB),0,AP Eng + Pharma + Allied Full,yes,"Instagram, Telegram",mayur,12.56
BVP & Allied Pune,BVPAlliedPune,YouTube,1970,178000,22000,BVP CET,6,BVP CET Allied Health Complete,yes,"Telegram, Whatsapp",mayur,12.36
AIIMS Nursing Pro,AimsNursingPro,YouTube,1970,298000,37500,AIIMS B.Sc Nursing,5,AIIMS Nursing Entrance Full Prep,yes,"Instagram, Telegram, Facebook, Twitter/X",mayur,12.58
South State Exams,SouthStateExams,YouTube,1970,645000,81000,Multi-State Exam,0,"TNEA, KCET, KEAM, AP, TG All",yes,No,mayur,12.56
Amol Pawar BVP,AmolPawar_BVP,YouTube,1970,82000,10500,BVP CET,6,BVP CET Occupational Therapy,yes,No,mayur,12.8
Dhanya Nair KL,DhanyaNair_KEAM,YouTube,1970,68000,8500,KEAM (PCB),6,"KEAM PCB OT, Lab Tech Kerala",no,"Instagram, Facebook, Telegram",mayur,12.5
Ganesh Kumar TN,GaneshKumar_TNEA,YouTube,1970,115000,14500,TNEA,4,Tamil Nadu Board Maths PYQ,yes,No,mayur,12.61
Hemalatha KA,Hemalatha_KCET,YouTube,1970,95000,12000,KCET,2,KCET Chemistry Shortcuts,yes,"Instagram, Telegram, Facebook, Twitter",mayur,12.63
Indira Nsg India,Indira_NsgIndia,YouTube,1970,185000,23000,State B.Sc Nursing,5,Pan India B.Sc Nursing State Exams,yes,Telegram,mayur,12.43
Jayakumar AP,Jayakumar_APEAPCET,YouTube,1970,142000,18000,AP EAPCET,1,AP EAPCET Physics PYQ,yes,None,mayur,12.68
Keerthana TS,Keerthana_TGEAPCET,YouTube,1970,78000,9800,TG EAPCET,2,TG EAPCET Organic Chemistry,no,Instagram,mayur,12.56
Lavanya Pharma South,Lavanya_PharmaSouth,YouTube,1970,225000,28000,Pharmacy,7,South India Pharmacy Entrances,yes,"Instagram, Telegram",mayur,12.44
Muthukumar Biotech,Muthukumar_Biotech,YouTube,1970,275000,34000,Biotechnology,8,Biotech Entrance All India,yes,"Instagram, Telegram",mayur,12.36
Nandini CMC,Nandini_CMC,YouTube,1970,72000,9000,CMC Vellore,5,CMC Nursing PYQ,yes,"Instagram, Telegram",mayur,12.5
Omkar CUET Allied,Omkar_CUETAllied,YouTube,1970,98000,12500,CUET-UG,6,CUET UG Allied Health Domain Prep,yes,"Instagram, Telegram",mayur,12.76
name,Channel_Name,Other,2020,0,0,Core_Area,Subject,Key_points,Cross_Platform,Cross_Platform_Type,Uploaded by,0.0
Physics Wallah,PhysicsWallah,YouTube,2014,13500000,650000,NEET UG / JEE,1/0,India's largest NEET+JEE platform; founder Alakh Pandey; PW app ecosystem,Yes,"Instagram, Telegram, Website",shruti,4.81
Unacademy NEET,UnacademyNEET,YouTube,2015,2820000,180000,NEET UG,0,Top NEET-focused channel under Unacademy umbrella,Yes,"Instagram, Telegram, App",shruti,6.38
Vedantu NEET Made Ejee,VedantuNEETMadeEjee,YouTube,2019,2010000,142000,NEET UG,0,Live interactive classes; Vedantu's flagship NEET channel,Yes,"Instagram, App",shruti,7.06
Biomentors Classes Online,BiomentorsClassesOnline,YouTube,2017,805000,720000,NEET UG,3,Pure NEET Biology specialist; high avg views per video,Yes,"Telegram, Website",shruti,89.44
NEETprep,NEETprep,YouTube,2017,651000,540000,NEET UG,0,AI-powered NEET prep platform; mock tests & analytics,Yes,"App, Website",shruti,82.95
PW MedEd,PWMedEd,YouTube,2021,503000,470000,NEET PG / MBBS,16,PW's post-grad medical education arm,Yes,"Instagram, Telegram",shruti,93.44
eSaral NEET,eSaralNEET,YouTube,2020,417000,620000,NEET UG,2026-02-01 00:00:00,Kota-style video lectures; strong Physics content,Yes,"App, Website",shruti,148.68
NEET Adda247,NEETAdda247,YouTube,2021,581000,390000,NEET UG,0,Adda247's NEET vertical; bilingual content,Yes,"App, Telegram",shruti,67.13
Xylem NEET,XylemNEET,YouTube,2019,1090000,960000,NEET UG / KEAM,0,Kerala's top NEET channel; Malayalam medium + English,Yes,"Telegram, Instagram",shruti,88.07
Brilliant Pala NEET,BrilliantPalaNEET,YouTube,2012,931000,740000,NEET UG / KEAM,0,Oldest Kerala NEET coaching on YouTube; Brilliant Pala brand,Yes,"Website, Telegram",shruti,79.48
Aakash BYJU'S NEET,AakashBYJUSNEET,YouTube,2016,1040000,880000,NEET UG,0,Aakash Institute's official NEET YouTube arm,Yes,"Instagram, App",shruti,84.62
Khan GS Research Centre,KhanGSResearchCentre,YouTube,2019,23800000,120000,NEET UG / General,3,Massive biology content library; morphology & diagrams focus,Yes,Telegram,shruti,0.5
Doubtnut NEET,DoubtnutNEET,YouTube,2018,318000,260000,NEET UG,0,AI doubt-solving platform with NEET video solutions,Yes,"App, Website",shruti,81.76
LearnoHub NEET,LearnoHubNEET,YouTube,2019,427000,310000,NEET UG,0,Free NEET content; simplification-focused teaching style,Yes,Telegram,shruti,72.6
CareerOrbits NEET,CareerOrbitsNEET,YouTube,2016,286000,240000,NEET UG,0,Adaptive learning platform; NEET rank predictor,Yes,"Website, App",shruti,83.92
NEET Kaksha,NEETKaksha,YouTube,2020,205000,210000,NEET UG,0,Structured NEET crash courses; topper strategies,Yes,"Telegram, Instagram",shruti,102.44
Dr Najeeb Lectures,DrNajeebLectures,YouTube,2008,4590000,240000,NEET PG / MBBS,16/17,World-famous medical lecture series; anatomy & physiology,Yes,Website,shruti,5.23
PrepMed,PrepMed,YouTube,2020,268000,340000,NEET PG,16,"NEET PG strategy, subject-wise revision; clinically focused",Yes,Telegram,shruti,126.87
DAMS Delhi,DAMSDelhi,YouTube,2013,372000,280000,NEET PG / DNB,16,Pioneer PG medical coaching; Delhi Academy of Medical Sciences,Yes,"Website, Telegram",shruti,75.27
Cerebellum Academy,CerebellumAcademy,YouTube,2017,493000,420000,NEET UG / KCET,2026-03-02 00:00:00,South India focused; KCET + NEET PCB specialist,Yes,"Telegram, Instagram",shruti,85.19
Marrow,Marrow,YouTube,2016,901000,580000,NEET PG,16,India's #1 NEET PG app; QBank + video lectures,Yes,"App, Instagram",shruti,64.37
DBMCI,DBMCI,YouTube,2014,284000,220000,NEET PG / DNB,16,Dr Bhatia Medical Coaching; PGMEE specialist,Yes,"Website, Telegram",shruti,77.46
PrepLadder Medical,PrepLadderMedical,YouTube,2016,693000,510000,NEET PG,16,Premium NEET PG video platform; structured subject modules,Yes,"App, Telegram",shruti,73.59
Medical College Reviews,MedicalCollegeReviews,YouTube,2019,112000,180000,MBBS Guidance / Counseling,18,"College review, fee structure, cutoff guidance for MBBS aspirants",Yes,"Instagram, Telegram",shruti,160.71
NEET Biology by Anmol Sharma,AnmolSharmaBiology,YouTube,2020,309000,410000,NEET UG,3,Conceptual NEET Biology; mnemonics & diagram-based teaching,Yes,Telegram,shruti,132.69
Aman Tilak,AmanTilak,YouTube,2018,257000,230000,NEET UG / Medical Mentorship,19,NEET topper turned mentor; strategy & mental health focus,Yes,"Instagram, Telegram",shruti,89.49
ATP Star,ATPStar,YouTube,2016,418000,370000,NEET UG,2026-02-03 00:00:00,Rajasthan-based; animated biology explanations; ATP Star app,Yes,"App, Telegram",shruti,88.52
RSK NEET Academy,RSKNEETAcademy,YouTube,2024,234985,360000,NEET UG,0,Fast-growing new channel; Tamil Nadu NEET focus,Yes,"Telegram, Instagram",shruti,153.2
Medical Mentors,MedicalMentors,YouTube,2018,145000,170000,MBBS Guidance / NEET PG,18/16,Doctor mentors guiding MBBS students post-NEET,Yes,"Instagram, Telegram",shruti,117.24
The Neurophile,TheNeurophile,YouTube,2017,121000,140000,NEET PG / MBBS,16/21,Niche neuroscience + NEET PG channel; MBBS clinical learning,Yes,Instagram,shruti,115.7
Name,Channel_Name,Other,2020,0,0,Core_Area,Subject,Key_points,Cross_Platform,Cross_Platform_Type,Uploaded by,0.0
Let's Crack NEET UG,Lets Crack NEET UG,YouTube,1970,0,0,NEET UG,All Subjects,Live classes + NEET strategy,Yes,Website,sejal,0.0
Sri Chaitanya Academy NEET,Sri Chaitanya NEET,YouTube,1970,0,0,NEET UG,PCB,South India coaching ecosystem,Yes,Institute,sejal,0.0
Physics Galaxy,Physics Galaxy,YouTube,1970,0,0,NEET/JEE,Physics,Advanced physics concepts,Yes,Website,sejal,0.0
Motion Kota NEET,Motion Kota,YouTube,1970,0,0,NEET/JEE,Physics,Kota coaching lectures,Yes,Institute,sejal,0.0
Seep Pahuja Biology,Seep Pahuja,YouTube,1970,0,0,NEET UG,Biology,NCERT line-by-line teaching,Yes,Unacademy,sejal,0.0
Tarun Sir Physics,Tarun Sir,YouTube,1970,0,0,NEET UG,Physics,Concept clarity,Yes,Coaching,sejal,0.0
Dr. Sachin Kapoor,Dr Sachin Kapoor,YouTube,1970,0,0,NEET PG,Medicine,Clinical explanation,Yes,App,sejal,0.0
Cerebellum Academy,Cerebellum,YouTube,1970,0,0,NEET PG,Medicine,PG entrance coaching,Yes,Website,sejal,0.0
Marrow Official,Marrow,YouTube,1970,0,0,NEET PG,Clinical Medicine,PG prep ecosystem,Yes,App,sejal,0.0
PrepLadder,PrepLadder,YouTube,1970,0,0,NEET PG,Medicine,PG lectures + revision,Yes,App,sejal,0.0
DBMCI,DBMCI,YouTube,1970,0,0,NEET PG,Medicine,PG coaching institute,Yes,Institute,sejal,0.0
DAMS Delhi,DAMS,YouTube,1970,0,0,NEET PG,Medicine,Clinical coaching,Yes,Institute,sejal,0.0
Osmosis,Osmosis,YouTube,1970,0,0,Medical Education,Biology,Visual medical learning,Yes,Website,sejal,0.0
Lecturio Medical,Lecturio,YouTube,1970,0,0,Medical Education,Anatomy,Structured video learning,Yes,Website,sejal,0.0
AMBOSS,AMBOSS,YouTube,1970,0,0,Medical Education,Clinical Medicine,Qbank + learning system,Yes,Website,sejal,0.0
Geeky Medics,Geeky Medics,YouTube,1970,0,0,Medical Skills,OSCE,Clinical skill training,Yes,Website,sejal,0.0
Zero To Finals,ZeroToFinals,YouTube,1970,0,0,Medical Education,Medicine,Exam revision notes,Yes,Website,sejal,0.0
MedCram,MedCram,YouTube,1970,0,0,Medical Education,Physiology,Simplified medicine lectures,Yes,Website,sejal,0.0
OnlineMedEd,OnlineMedEd,YouTube,1970,0,0,Medical Education,Clinical Medicine,Structured curriculum,Yes,Website,sejal,0.0
Kenhub,Kenhub,YouTube,1970,0,0,Medical Education,Anatomy,Visual anatomy learning,Yes,Website,sejal,0.0
Medicosis Perfectionalis,Medicosis,YouTube,1970,0,0,Medical Education,Pathology,Deep medical explanations,Yes,Website,sejal,0.0
Ninja Nerd,Ninja Nerd,YouTube,1970,0,0,Medical Education,Physiology,Deep concept breakdowns,Yes,Website,sejal,0.0
Armando Hasudungan,Armando,YouTube,1970,0,0,Medical Education,Biology,Hand-drawn medical diagrams,Yes,Website,sejal,0.0
Strong Medicine,Strong Medicine,YouTube,1970,0,0,Medical Education,Internal Medicine,Clinical reasoning,Yes,Website,sejal,0.0
Dirty Medicine,Dirty Medicine,YouTube,1970,0,0,Medical Education,USMLE,Exam mnemonics,Yes,Website,sejal,0.0
Dr. Najeeb Lectures,Dr Najeeb,YouTube,1970,0,0,Medical Education,Anatomy,Deep concept teaching,Yes,Website,sejal,0.0
Med School Insiders,Med School Insiders,YouTube,1970,0,0,Medical Career,Guidance,USMLE + study strategy,Yes,Website,sejal,0.0
Future Doc House,FutureDocHouse,YouTube,1970,0,0,NEET UG,Strategy,Student mentorship,Yes,Website,sejal,0.0
Dr. High Yield,Dr High Yield,YouTube,1970,0,0,Medical Education,USMLE,High yield revision,Yes,Website,sejal,0.0
Medical Animation Hub,Med Animation Hub,YouTube,1970,0,0,Medical Education,Biology,Animated concepts,Yes,Website,sejal,0.0
Name,Channel_Name,Other,2020,0,0,Core_Area,Subject,Key_points,Cross_Platform,Cross_Platform_Type,Uploaded by,0.0
Aman Tilak,Medica Wing - NEET Experts,YouTube,1970,0,0,NEET UG Counseling,Counseling,State-wise MBBS counseling analysis,Yes,"Telegram,Website",Harshita,0.0
Shobit Verma,THE MBBS PLANET - NEET UG_PG COUNSELLING,YouTube,1970,0,0,MBBS Counseling,Counseling,Personalized counseling guidance,Yes,"Telegram,Instagram",Harshita,0.0
Dr. Anand Mani,Dr. Anand Mani,YouTube,1970,0,0,NEET UG ,Biology,NCERT Biology strategy,Yes,"Telegram,Instagram",Harshita,0.0
Seep Pahuja,Seep Pahuja,YouTube,1970,0,0,NEET UG,Biology,High-yield NEET Biology revision,Yes,"Telegram,Instagram",Harshita,0.0
Dr. Pranav Pundarik,Pranav Pundarik,YouTube,1970,0,0,MBBS Mentorship,Motivation,MBBS life & NEET mentorship,Yes,Instagram,Harshita,0.0
Dr. Aditya Gupta,Aditya Gupta NEET,YouTube,1970,0,0,NEET Strategy,Biology,Smart study strategy for droppers,Yes,Telegram,Harshita,0.0
Dr. Nitesh Devnani,Nitesh Devnani Biology,YouTube,1970,0,0,NEET UG,Biology,NCERT-based crash courses,Yes,"Telegram, Instagram",Harshita,0.0
Dr. Gaurav Kejriwal,EduClub Medical,YouTube,1970,0,0,Medical Counseling,Counseling,MBBS admission guidance,Yes,"Website, Telegram",Harshita,0.0
Dr. Vivek Jain,Dr Vivek Jain,YouTube,1970,0,0,NEET PG,Medical Subjects,Concept-based PG guidance,Yes,Telegram,Harshita,0.0
Dr. Sushant Soni,Sushant Soni Education,YouTube,1970,0,0,NEET Counseling,Counseling,Counseling mistake prevention,Yes,Telegram,Harshita,0.0
Dr. Deepak Marwah,Dr Deepak Marwah,YouTube,1970,0,0,NEET UG,Physics,NEET Physics tricks,Yes,Telegram,Harshita,0.0
Mohit Goenka,Physics Galaxy NEET,YouTube,1970,0,0,NEET UG,Physics,Numerical problem solving,Yes,Website,Harshita,0.0
Dr. Bhatia,DBMCI,YouTube,1970,0,0,NEET PG,Medical Subjects,PG preparation ecosystem,Yes,"App, Website",Harshita,0.0
Dr. Rohan Khandelwal,Marrow,YouTube,1970,0,0,NEET PG,Medical Subjects,Clinical PG prep,Yes,"App, Instagram",Harshita,0.0
Dr. Sudarshan,PrepLadder Medical,YouTube,1970,0,0,NEET PG,Medical Subjects,Rapid revision & GT strategy,Yes,"App, Telegram",Harshita,0.0
Dr. Rajesh Jambhulkar,Neet Navigator,YouTube,1970,0,0,NEET Counseling,Counseling,Data-driven counseling support,Yes,"Website, Telegram",Harshita,0.0
Dr. Akshay Choudhary,MBBS Lighthouse,YouTube,1970,0,0,MBBS Guidance,Counseling,College predictor guidance,Yes,Website,Harshita,0.0
Dr. Vinay Kumar,NeetShastra,YouTube,1970,0,0,NEET UG Counseling,Counseling,AIQ & state counseling updates,Yes,Telegram,Harshita,0.0
Dr. Himanshu Tyagi,ExpHub NEET,YouTube,1970,0,0,NEET UG,Biology,NCERT focused learning,Yes,Telegram,Harshita,0.0
Alakh Pandey,Physics Wallah NEET,YouTube,1970,0,0,NEET UG,PCB,Large-scale NEET preparation,Yes,"App, Telegram",Harshita,0.0
Dr. Pawan Kandhari,Pawan Kandhari Education,YouTube,1970,0,0,MBBS Counseling,Counseling,Deemed/private college analysis,Yes,Telegram,Harshita,0.0
Dr. Saurabh Bothra,Unacademy NEET Toppers,YouTube,1970,0,0,NEET UG,PCB,Toppers strategy sessions,Yes,"App, Telegram",Harshita,0.0
Dr. Karthikeya,MedEasy Education,YouTube,1970,0,0,NEET PG,Medicine,Clinical medicine simplification,Yes,App,Harshita,0.0
Dr. Bharath Kumar,Bharath NEET Academy,YouTube,1970,0,0,KCET PCB,Biology,Karnataka PCB entrance focus,Yes,Telegram,Harshita,0.0
Dr. Akhil Reddy,Medico Mentor,YouTube,1970,0,0,MBBS Mentorship,Counseling,Career roadmap for medicos,Yes,Instagram,Harshita,0.0
Dr. Naveen Porwal,Biology at Ease,YouTube,1970,0,0,NEET UG,Biology,Simplified Biology concepts,Yes,Telegram,Harshita,0.0
Dr. Ashwin Vijay,Kerala Medicos Hub,YouTube,1970,0,0,KEAM / NEET,Counseling,Kerala counseling & MBBS updates,Yes,Telegram,Harshita,0.0
Dr. Rahul Dudi,Rahul Dudi NEET,YouTube,1970,0,0,NEET UG,Biology,PYQ-driven preparation,Yes,"Telegram, Instagram",Harshita,0.0
Dr. Aakash N,MHT CET PCB Mentor,YouTube,1970,0,0,MHT CET PCB,PCB,Maharashtra PCB entrance strategy,Yes,Telegram,Harshita,0.0
